nursing_reg_no,database_id,employee_details,employment_no,dob,gender,email,phone,hire_date,county,sub_county_id,sub_county,facility_id,health_facility
NN-254,4,NN-254 francis ochieng opiyo,KNC-254,2024-07-28,M,fncopiyo@gmail.com,0729564904,2009-09-07,Mombasa ,1,changamwe,159,Bokole CDF Dispensary
NN-255,5,NN-255 michael waithaka w,KNC-255,2024-07-29,M,mwaithaka@jhpiego.org,0722584789,2024-07-28,Mombasa ,4,likoni,3222,Nys Dispensary (Kilindini)
NN-341,6,NN-341 magret atieno owiti,KNC-341,1992-05-12,F,mowiti@gmail.com,0714258258,2017-11-02,Mombasa ,4,likoni,2706,Mrima CDF Health Cenre
NN-555,7,NN-555 mildred nyambeki ontita,KNC-555,1992-02-24,F,nyambeki@gmail.com,0725888974,2024-05-23,Mombasa ,4,likoni,2484,Mbuta Model Health Centre
NN-098,8,NN-098 wilbroda nekesa avugwi,KNC-098,1962-07-30,F,wilb@gmail.com,0789521521,2012-06-12,Mombasa ,4,likoni,2176,Likoni District Hospital
